{
  "basic_metrics": {
    "total_trades": 214,
    "winning_trades": 109,
    "losing_trades": 105,
    "win_rate": 50.93457943925234,
    "total_pnl": 2130.0,
    "avg_pnl": 7.171717171717172,
    "avg_win": 116.69724770642202,
    "avg_loss": -100.85714285714286,
    "max_win": 282.0,
    "max_loss": -561.0,
    "profit_factor": 1.2011331444759208,
    "expectancy": 9.953271028037383,
    "total_trading_days": 297
  },
  "risk_metrics": {
    "max_drawdown": -0.9050758075148319,
    "max_drawdown_duration": 8,
    "sharpe_ratio": -4.960251381825815,
    "sortino_ratio": -7.607068566929596,
    "volatility": 0.0016516758208555992,
    "max_consecutive_losses": 4,
    "max_consecutive_loss_amount": -950.0,
    "current_drawdown": 0.0
  },
  "trade_analysis": {
    "long_trades_count": 108,
    "short_trades_count": 106,
    "long_total_pnl": 49.0,
    "short_total_pnl": 2081.0,
    "long_win_rate": 48.148148148148145,
    "short_win_rate": 53.77358490566038,
    "avg_holding_time_minutes": 0.025389408099688475,
    "max_holding_time_minutes": 1.3666666666666667,
    "min_holding_time_minutes": 0.0
  },
  "lot_analysis": {
    "lot_performance": {
      "lot_1": {
        "total_pnl": 865.0,
        "avg_pnl": 3.967889908256881,
        "win_rate": 77.98165137614679,
        "trade_count": 218
      },
      "lot_2": {
        "total_pnl": 1257.0,
        "avg_pnl": 5.76605504587156,
        "win_rate": 56.42201834862385,
        "trade_count": 218
      },
      "lot_3": {
        "total_pnl": 85.0,
        "avg_pnl": 0.3953488372093023,
        "win_rate": 50.23255813953489,
        "trade_count": 215
      }
    },
    "trailing_stop_count": 401,
    "trailing_stop_pnl": 14711.0,
    "initial_stop_count": 185,
    "initial_stop_pnl": -9100.0,
    "protective_stop_count": 65,
    "protective_stop_pnl": -3404.0
  },
  "time_analysis": {
    "weekday_performance": {
      "sum": {
        "Friday": 106.0,
        "Monday": 1149.0,
        "Saturday": 0.0,
        "Thursday": -208.0,
        "Tuesday": 1694.0,
        "Wednesday": -611.0
      },
      "mean": {
        "Friday": 2.163265306122449,
        "Monday": 22.529411764705884,
        "Saturday": 0.0,
        "Thursday": -4.244897959183674,
        "Tuesday": 33.21568627450981,
        "Wednesday": -11.980392156862745
      },
      "count": {
        "Friday": 49,
        "Monday": 51,
        "Saturday": 46,
        "Thursday": 49,
        "Tuesday": 51,
        "Wednesday": 51
      }
    },
    "monthly_performance": {
      "sum": {
        "1": 128.0,
        "2": 377.0,
        "3": -503.0,
        "4": 338.0,
        "5": 301.0,
        "6": 588.0,
        "7": 1045.0,
        "8": -356.0,
        "9": 160.0,
        "10": -213.0,
        "11": 205.0,
        "12": 60.0
      },
      "mean": {
        "1": 6.4,
        "2": 16.391304347826086,
        "3": -20.12,
        "4": 14.083333333333334,
        "5": 11.576923076923077,
        "6": 23.52,
        "7": 43.541666666666664,
        "8": -13.185185185185185,
        "9": 6.4,
        "10": -8.192307692307692,
        "11": 7.884615384615385,
        "12": 2.3076923076923075
      },
      "count": {
        "1": 20,
        "2": 23,
        "3": 25,
        "4": 24,
        "5": 26,
        "6": 25,
        "7": 24,
        "8": 27,
        "9": 25,
        "10": 26,
        "11": 26,
        "12": 26
      }
    }
  },
  "monthly_analysis": {
    "monthly_stats": {
      "('total_pnl', 'sum')": {
        "2024-07": 870.0,
        "2024-08": -356.0,
        "2024-09": 160.0,
        "2024-10": -213.0,
        "2024-11": 205.0,
        "2024-12": 60.0,
        "2025-01": 128.0,
        "2025-02": 377.0,
        "2025-03": -503.0,
        "2025-04": 338.0,
        "2025-05": 301.0,
        "2025-06": 588.0,
        "2025-07": 175.0
      },
      "('total_pnl', 'mean')": {
        "2024-07": 45.79,
        "2024-08": -13.19,
        "2024-09": 6.4,
        "2024-10": -8.19,
        "2024-11": 7.88,
        "2024-12": 2.31,
        "2025-01": 6.4,
        "2025-02": 16.39,
        "2025-03": -20.12,
        "2025-04": 14.08,
        "2025-05": 11.58,
        "2025-06": 23.52,
        "2025-07": 35.0
      },
      "('total_pnl', 'count')": {
        "2024-07": 19,
        "2024-08": 27,
        "2024-09": 25,
        "2024-10": 26,
        "2024-11": 26,
        "2024-12": 26,
        "2025-01": 20,
        "2025-02": 23,
        "2025-03": 25,
        "2025-04": 24,
        "2025-05": 26,
        "2025-06": 25,
        "2025-07": 5
      },
      "('direction', '<lambda>')": {
        "2024-07": 6,
        "2024-08": 15,
        "2024-09": 6,
        "2024-10": 4,
        "2024-11": 9,
        "2024-12": 12,
        "2025-01": 5,
        "2025-02": 10,
        "2025-03": 12,
        "2025-04": 5,
        "2025-05": 14,
        "2025-06": 9,
        "2025-07": 1
      }
    },
    "monthly_win_rate": {
      "2024-07": 42.10526315789473,
      "2024-08": 40.74074074074074,
      "2024-09": 36.0,
      "2024-10": 30.76923076923077,
      "2024-11": 34.61538461538461,
      "2024-12": 46.15384615384615,
      "2025-01": 35.0,
      "2025-02": 39.130434782608695,
      "2025-03": 32.0,
      "2025-04": 29.166666666666668,
      "2025-05": 38.46153846153847,
      "2025-06": 36.0,
      "2025-07": 40.0
    }
  }
}