experiment_id,time_interval,lot1_stop_loss,lot2_stop_loss,lot3_stop_loss,mdd,total_pnl,risk_adjusted_return,take_profit
11:3011:31_L1SL16_L2SL26_L3SL29_TP55,11:30-11:31,16,26,29,-574.0,1062.0,1.8501742160278745,55
11:3011:31_L1SL12_L2SL28_L3SL28_TP60,11:30-11:31,12,28,28,-565.0,1123.0,1.9876106194690266,60
11:3011:32_L1SL18_L2SL22_L3SL28_TP55,11:30-11:32,18,22,28,-585.0,1308.0,2.235897435897436,55
11:3011:32_L1SL16_L2SL22_L3SL28_TP65,11:30-11:32,16,22,28,-577.0,1418.0,2.4575389948006934,65
11:3011:32_L1SL15_L2SL24_L3SL30_TP70,11:30-11:32,15,24,30,-566.0,1607.0,2.8392226148409896,70
