{
  "basic_metrics": {
    "total_trades": 214,
    "winning_trades": 106,
    "losing_trades": 108,
    "win_rate": 49.532710280373834,
    "total_pnl": 3787.0,
    "avg_pnl": 17.69626168224299,
    "avg_win": 269.8867924528302,
    "avg_loss": -229.82407407407408,
    "max_win": 484.0,
    "max_loss": -660.0,
    "profit_factor": 1.1525724185165787,
    "expectancy": 17.69626168224299,
    "total_trading_days": 214
  },
  "risk_metrics": {
    "max_drawdown": -0.9763593380614657,
    "max_drawdown_duration": 3,
    "sharpe_ratio": -1.2787831483321523,
    "sortino_ratio": -3.1460566788605346,
    "volatility": 0.0043326673981440855,
    "max_consecutive_losses": 8,
    "max_consecutive_loss_amount": -2509.0,
    "current_drawdown": 0.0
  },
  "trade_analysis": {
    "long_trades_count": 108,
    "short_trades_count": 106,
    "long_total_pnl": -1231.0,
    "short_total_pnl": 5018.0,
    "long_win_rate": 45.370370370370374,
    "short_win_rate": 53.77358490566038,
    "avg_holding_time_minutes": 0.023130841121495323,
    "max_holding_time_minutes": 0.03333333333333333,
    "min_holding_time_minutes": 0.016666666666666666
  },
  "lot_analysis": {
    "lot_performance": {
      "lot_1": {
        "total_pnl": 1517.0,
        "avg_pnl": 2.7581818181818183,
        "win_rate": 72.72727272727273,
        "trade_count": 550
      },
      "lot_2": {
        "total_pnl": 2610.0,
        "avg_pnl": 4.745454545454545,
        "win_rate": 53.27272727272727,
        "trade_count": 550
      },
      "lot_3": {
        "total_pnl": -104.0,
        "avg_pnl": -0.1918819188191882,
        "win_rate": 46.678966789667896,
        "trade_count": 542
      }
    },
    "trailing_stop_count": 946,
    "trailing_stop_pnl": 34145.0,
    "initial_stop_count": 548,
    "initial_stop_pnl": -22387.0,
    "protective_stop_count": 148,
    "protective_stop_pnl": -7735.0
  },
  "time_analysis": {
    "weekday_performance": {
      "sum": {
        "Friday": 87.0,
        "Monday": 948.0,
        "Thursday": -270.0,
        "Tuesday": 4975.0,
        "Wednesday": -1953.0
      },
      "mean": {
        "Friday": 2.230769230769231,
        "Monday": 19.75,
        "Thursday": -6.585365853658536,
        "Tuesday": 110.55555555555556,
        "Wednesday": -47.63414634146341
      },
      "count": {
        "Friday": 39,
        "Monday": 48,
        "Thursday": 41,
        "Tuesday": 45,
        "Wednesday": 41
      }
    },
    "monthly_performance": {
      "sum": {
        "1": 154.0,
        "2": 734.0,
        "3": -1294.0,
        "4": 460.0,
        "5": 937.0,
        "6": 1018.0,
        "7": 2022.0,
        "8": -552.0,
        "9": -151.0,
        "10": 4.0,
        "11": 439.0,
        "12": 16.0
      },
      "mean": {
        "1": 11.846153846153847,
        "2": 40.77777777777778,
        "3": -64.7,
        "4": 30.666666666666668,
        "5": 46.85,
        "6": 59.88235294117647,
        "7": 118.94117647058823,
        "8": -25.09090909090909,
        "9": -7.55,
        "10": 0.23529411764705882,
        "11": 29.266666666666666,
        "12": 0.8
      },
      "count": {
        "1": 13,
        "2": 18,
        "3": 20,
        "4": 15,
        "5": 20,
        "6": 17,
        "7": 17,
        "8": 22,
        "9": 20,
        "10": 17,
        "11": 15,
        "12": 20
      }
    }
  },
  "monthly_analysis": {
    "monthly_stats": {
      "('total_pnl', 'sum')": {
        "2024-07": 1609.0,
        "2024-08": -552.0,
        "2024-09": -151.0,
        "2024-10": 4.0,
        "2024-11": 439.0,
        "2024-12": 16.0,
        "2025-01": 154.0,
        "2025-02": 734.0,
        "2025-03": -1294.0,
        "2025-04": 460.0,
        "2025-05": 937.0,
        "2025-06": 1018.0,
        "2025-07": 413.0
      },
      "('total_pnl', 'mean')": {
        "2024-07": 114.93,
        "2024-08": -25.09,
        "2024-09": -7.55,
        "2024-10": 0.24,
        "2024-11": 29.27,
        "2024-12": 0.8,
        "2025-01": 11.85,
        "2025-02": 40.78,
        "2025-03": -64.7,
        "2025-04": 30.67,
        "2025-05": 46.85,
        "2025-06": 59.88,
        "2025-07": 137.67
      },
      "('total_pnl', 'count')": {
        "2024-07": 14,
        "2024-08": 22,
        "2024-09": 20,
        "2024-10": 17,
        "2024-11": 15,
        "2024-12": 20,
        "2025-01": 13,
        "2025-02": 18,
        "2025-03": 20,
        "2025-04": 15,
        "2025-05": 20,
        "2025-06": 17,
        "2025-07": 3
      },
      "('direction', '<lambda>')": {
        "2024-07": 6,
        "2024-08": 15,
        "2024-09": 6,
        "2024-10": 4,
        "2024-11": 9,
        "2024-12": 12,
        "2025-01": 5,
        "2025-02": 10,
        "2025-03": 12,
        "2025-04": 5,
        "2025-05": 14,
        "2025-06": 9,
        "2025-07": 1
      }
    },
    "monthly_win_rate": {
      "2024-07": 57.14285714285714,
      "2024-08": 45.45454545454545,
      "2024-09": 45.0,
      "2024-10": 47.05882352941176,
      "2024-11": 60.0,
      "2024-12": 55.00000000000001,
      "2025-01": 53.84615384615385,
      "2025-02": 50.0,
      "2025-03": 35.0,
      "2025-04": 46.666666666666664,
      "2025-05": 50.0,
      "2025-06": 52.94117647058824,
      "2025-07": 66.66666666666666
    }
  }
}